Workbook

Sheet Interlab Calculations
A1: Cálculos Dos Resultados e Testes Inter Laboratoriais
A3: Laboratory | B3: Material | H3: A | N3: B | T3: C | Z3: D | AF3: E
B4: A | C4: B | D4: C | E4: D | F4: E | H4: Cell Average | I4: Cell Std Dev | J4: Cell deviation d | K4: Between Lab Consistency Statistic h | L4: Within Lab Consistency Statistic k | N4: Cell Average | O4: Cell Std Dev | P4: Cell deviation d | Q4: Between Lab Consistency Statistic h | R4: Within Lab Consistency Statistic k | T4: Cell Average | U4: Cell Std Dev | V4: Cell deviation d | W4: Between Lab Consistency Statistic h | X4: Within Lab Consistency Statistic k | Z4: Cell Average | AA4: Cell Std Dev | AB4: Cell deviation d | AC4: Between Lab Consistency Statistic h | AD4: Within Lab Consistency Statistic k | AF4: Cell Average | AG4: Cell Std Dev | AH4: Cell deviation d | AI4: Between Lab Consistency Statistic h | AJ4: Within Lab Consistency Statistic k
A6: 1 | B6: 41.03 | C6: 78.28 | D6: 132.66 | E6: 193.71 | F6: 292.78 | H6: =AVERAGE(B6:B8) -> 41.283333 | I6: =_xlfn.STDEV.S(B6:B8) -> 0.22300972 | J6: =H6-$H$38 -> -0.235 | K6: =J6/$H$39 -> -0.38770724 | L6: =I6/$H$40 -> 0.20974852 | N6: =AVERAGE(C6:C8) -> 78.316667 | O6: =_xlfn.STDEV.S(C6:C8) -> 0.15821926 | P6: =N6-$N$38 -> -1.3629167 | Q6: =P6/$N$39 -> -1.3591777 | R6: =O6/$N$40 -> 0.10584264 | T6: =AVERAGE(D6:D8) -> 133.19667 | U6: =_xlfn.STDEV.S(D6:D8) -> 0.59095967 | V6: =T6-$T$38 -> -1.94625 | W6: =V6/$T$39 -> -0.73279009 | X6: =U6/$T$40 -> 0.21502953 | Z6: =AVERAGE(E6:E8) -> 193.65 | AA6: =_xlfn.STDEV.S(E6:E8) -> 0.06 | AB6: =Z6-$Z$38 -> -1.0670833 | AC6: =AB6/$Z$39 -> -0.41120672 | AD6: =AA6/$Z$40 -> 0.022856576 | AF6: =AVERAGE(F6:F8) -> 293.25333 | AG6: =_xlfn.STDEV.S(F6:F8) -> 0.72665902 | AH6: =AF6-$AF$38 -> -1.2779167 | AI6: =AH6/$AF$39 -> -0.47275651 | AJ6: =AG6/$AF$40 -> 0.18317398
B7: 41.45 | C7: 78.18 | D7: 133.83 | E7: 193.59 | F7: 294.09
B8: 41.37 | C8: 78.49 | D8: 133.1 | E8: 193.65 | F8: 292.89
A10: 2 | B10: 41.17 | C10: 77.78 | D10: 132.92 | E10: 190.88 | F10: 292.27 | H10: =AVERAGE(B10:B12) -> 41.44 | I10: =_xlfn.STDEV.S(B10:B12) -> 0.48507731 | J10: =H10-$H$38 -> -0.078333333 | K10: =J10/$H$39 -> -0.12923575 | L10: =I10/$H$40 -> 0.45623236 | N10: =AVERAGE(C10:C12) -> 79.233333 | O10: =_xlfn.STDEV.S(C10:C12) -> 1.3268509 | P10: =N10-$N$38 -> -0.44625 | Q10: =P10/$N$39 -> -0.44502579 | R10: =O10/$N$40 -> 0.88761257 | T10: =AVERAGE(D10:D12) -> 135.40667 | U10: =_xlfn.STDEV.S(D10:D12) -> 2.1679791 | V10: =T10-$T$38 -> 0.26375 | W10: =V10/$T$39 -> 0.099305529 | X10: =U10/$T$40 -> 0.78885167 | Z10: =AVERAGE(E10:E12) -> 195.10667 | AA10: =_xlfn.STDEV.S(E10:E12) -> 4.6824068 | AB10: =Z10-$Z$38 -> 0.38958333 | AC10: =AB10/$Z$39 -> 0.15012818 | AD10: =AA10/$Z$40 -> 1.7837298 | AF10: =AVERAGE(F10:F12) -> 298.91667 | AG10: =_xlfn.STDEV.S(F10:F12) -> 9.1869055 | AH10: =AF10-$AF$38 -> 4.3854167 | AI10: =AH10/$AF$39 -> 1.6223548 | AJ10: =AG10/$AF$40 -> 2.315807
B11: 42 | C11: 80.38 | D11: 136.9 | E11: 200.14 | F11: 309.4
B12: 41.15 | C12: 79.54 | D12: 136.4 | E12: 194.3 | F12: 295.08
A14: 3 | B14: 41.01 | C14: 79.18 | D14: 132.61 | E14: 192.71 | F14: 295.53 | H14: =AVERAGE(B14:B16) -> 41.45 | I14: =_xlfn.STDEV.S(B14:B16) -> 1.0608016 | J14: =H14-$H$38 -> -0.068333333 | K14: =J14/$H$39 -> -0.11273757 | L14: =I14/$H$40 -> 0.99772138 | N14: =AVERAGE(C14:C16) -> 79.903333 | O14: =_xlfn.STDEV.S(C14:C16) -> 0.83032122 | P14: =N14-$N$38 -> 0.22375 | Q14: =P14/$N$39 -> 0.22313618 | R14: =O14/$N$40 -> 0.55545318 | T14: =AVERAGE(D14:D16) -> 134.59 | U14: =_xlfn.STDEV.S(D14:D16) -> 1.7287857 | V14: =T14-$T$38 -> -0.55291667 | W14: =V14/$T$39 -> -0.20818078 | X14: =U14/$T$40 -> 0.62904457 | Z14: =AVERAGE(E14:E16) -> 192.09 | AA14: =_xlfn.STDEV.S(E14:E16) -> 1.5932043 | AB14: =Z14-$Z$38 -> -2.6270833 | AC14: =AB14/$Z$39 -> -1.0123617 | AD14: =AA14/$Z$40 -> 0.60691993 | AF14: =AVERAGE(F14:F16) -> 292.67 | AG14: =_xlfn.STDEV.S(F14:F16) -> 2.7101107 | AH14: =AF14-$AF$38 -> -1.86125 | AI14: =AH14/$AF$39 -> -0.68855667 | AJ14: =AG14/$AF$40 -> 0.68315639
B15: 40.68 | C15: 79.72 | D15: 135.8 | E15: 193.28 | F15: 290.14
B16: 42.66 | C16: 80.81 | D16: 135.36 | E16: 190.28 | F16: 292.34
A18: 4 | B18: 39.37 | C18: 84.08 | D18: 138.5 | E18: 195.85 | F18: 295.19 | H18: =AVERAGE(B18:B20) -> 41.456667 | I18: =_xlfn.STDEV.S(B18:B20) -> 1.8117763 | J18: =H18-$H$38 -> -0.061666667 | K18: =J18/$H$39 -> -0.10173878 | L18: =I18/$H$40 -> 1.7040396 | N18: =AVERAGE(C18:C20) -> 81.533333 | O18: =_xlfn.STDEV.S(C18:C20) -> 2.7603864 | P18: =N18-$N$38 -> 1.85375 | Q18: =P18/$N$39 -> 1.8486645 | R18: =O18/$N$40 -> 1.8465931 | T18: =AVERAGE(D18:D20) -> 140.83 | U18: =_xlfn.STDEV.S(D18:D20) -> 6.6200227 | V18: =T18-$T$38 -> 5.6870833 | W18: =V18/$T$39 -> 2.1412657 | X18: =U18/$T$40 -> 2.4087944 | Z18: =AVERAGE(E18:E20) -> 197.21333 | AA18: =_xlfn.STDEV.S(E18:E20) -> 1.9365519 | AB18: =Z18-$Z$38 -> 2.49625 | AC18: =AB18/$Z$39 -> 0.96194434 | AD18: =AA18/$Z$40 -> 0.73771577 | AF18: =AVERAGE(F18:F20) -> 295.82 | AG18: =_xlfn.STDEV.S(F18:F20) -> 0.88357229 | AH18: =AF18-$AF$38 -> 1.28875 | AI18: =AH18/$AF$39 -> 0.47676422 | AJ18: =AG18/$AF$40 -> 0.22272819
B19: 42.37 | C19: 78.6 | D19: 148.3 | E19: 196.36 | F19: 295.44
B20: 42.63 | C20: 81.92 | D20: 135.69 | E20: 199.43 | F20: 296.83
A22: 5 | B22: 41.88 | C22: 78.16 | D22: 131.9 | E22: 192.59 | F22: 293.93 | H22: =AVERAGE(B22:B24) -> 41.463333 | I22: =_xlfn.STDEV.S(B22:B24) -> 0.36665151 | J22: =H22-$H$38 -> -0.055 | K22: =J22/$H$39 -> -0.090739993 | L22: =I22/$H$40 -> 0.34484871 | N22: =AVERAGE(C22:C24) -> 78.69 | O22: =_xlfn.STDEV.S(C22:C24) -> 0.77543536 | P22: =N22-$N$38 -> -0.98958333 | Q22: =P22/$N$39 -> -0.98686858 | R22: =O22/$N$40 -> 0.51873663 | T22: =AVERAGE(D22:D24) -> 133.26667 | U22: =_xlfn.STDEV.S(D22:D24) -> 1.1987215 | V22: =T22-$T$38 -> -1.87625 | W22: =V22/$T$39 -> -0.70643412 | X22: =U22/$T$40 -> 0.43617279 | Z22: =AVERAGE(E22:E24) -> 193.05 | AA22: =_xlfn.STDEV.S(E22:E24) -> 1.8826311 | AB22: =Z22-$Z$38 -> -1.6670833 | AC22: =AB22/$Z$39 -> -0.64242018 | AD22: =AA22/$Z$40 -> 0.71717503 | AF22: =AVERAGE(F22:F24) -> 293.56333 | AG22: =_xlfn.STDEV.S(F22:F24) -> 0.95437589 | AH22: =AF22-$AF$38 -> -0.96791667 | AI22: =AH22/$AF$39 -> -0.35807413 | AJ22: =AG22/$AF$40 -> 0.24057615
B23: 41.19 | C23: 79.58 | D23: 134.14 | E23: 191.44 | F23: 292.48
B24: 41.32 | C24: 78.33 | D24: 133.76 | E24: 195.12 | F24: 294.28
A26: 6 | B26: 43.28 | C26: 78.66 | D26: 137.21 | E26: 195.34 | F26: 297.74 | H26: =AVERAGE(B26:B28) -> 42.02 | I26: =_xlfn.STDEV.S(B26:B28) -> 1.4081193 | J26: =H26-$H$38 -> 0.50166667 | K26: =J26/$H$39 -> 0.82765873 | L26: =I26/$H$40 -> 1.324386 | N26: =AVERAGE(C26:C28) -> 79.893333 | O26: =_xlfn.STDEV.S(C26:C28) -> 1.636592 | P26: =N26-$N$38 -> 0.21375 | Q26: =P26/$N$39 -> 0.21316361 | R26: =O26/$N$40 -> 1.0948175 | T26: =AVERAGE(D26:D28) -> 136.61667 | U26: =_xlfn.STDEV.S(D26:D28) -> 1.287025 | V26: =T26-$T$38 -> 1.47375 | W26: =V26/$T$39 -> 0.55488729 | X26: =U26/$T$40 -> 0.46830332 | Z26: =AVERAGE(E26:E28) -> 197.24333 | AA26: =_xlfn.STDEV.S(E26:E28) -> 1.6496161 | AB26: =Z26-$Z$38 -> 2.52625 | AC26: =AB26/$Z$39 -> 0.97350501 | AD26: =AA26/$Z$40 -> 0.62840961 | AF26: =AVERAGE(F26:F28) -> 295.27 | AG26: =_xlfn.STDEV.S(F26:F28) -> 4.2781655 | AH26: =AF26-$AF$38 -> 0.73875 | AI26: =AH26/$AF$39 -> 0.2732955 | AJ26: =AG26/$AF$40 -> 1.0784268
B27: 40.5 | C27: 79.27 | D27: 135.14 | E27: 198.26 | F27: 297.74
B28: 42.28 | C28: 81.75 | D28: 137.5 | E28: 198.13 | F28: 290.33
A30: 7 | B30: 41.08 | C30: 79.76 | D30: 130.97 | E30: 194.66 | F30: 287.29 | H30: =AVERAGE(B30:B32) -> 40.456667 | I30: =_xlfn.STDEV.S(B30:B32) -> 1.2478114 | J30: =H30-$H$38 -> -1.0616667 | K30: =J30/$H$39 -> -1.7515568 | L30: =I30/$H$40 -> 1.1736107 | N30: =AVERAGE(C30:C32) -> 79.52 | O30: =_xlfn.STDEV.S(C30:C32) -> 2.0605096 | P30: =N30-$N$38 -> -0.15958333 | Q30: =P30/$N$39 -> -0.15914554 | R30: =O30/$N$40 -> 1.3784022 | T30: =AVERAGE(D30:D32) -> 132.49333 | U30: =_xlfn.STDEV.S(D30:D32) -> 2.124296 | V30: =T30-$T$38 -> -2.6495833 | W30: =V30/$T$39 -> -0.99760483 | X30: =U30/$T$40 -> 0.7729569 | Z30: =AVERAGE(E30:E32) -> 191.26 | AA30: =_xlfn.STDEV.S(E30:E32) -> 3.8177087 | AB30: =Z30-$Z$38 -> -3.4570833 | AC30: =AB30/$Z$39 -> -1.332207 | AD30: =AA30/$Z$40 -> 1.4543292 | AF30: =AVERAGE(F30:F32) -> 290.13667 | AG30: =_xlfn.STDEV.S(F30:F32) -> 3.3041842 | AH30: =AF30-$AF$38 -> -4.3945833 | AI30: =AH30/$AF$39 -> -1.625746 | AJ30: =AG30/$AF$40 -> 0.83290862
B31: 41.27 | C31: 81.45 | D31: 131.59 | E31: 191.99 | F31: 293.76
B32: 39.02 | C32: 77.35 | D32: 134.92 | E32: 187.13 | F32: 289.36
A34: 8 | B34: 43.36 | C34: 80.44 | D34: 135.46 | E34: 197.56 | F34: 298.46 | H34: =AVERAGE(B34:B36) -> 42.576667 | I34: =_xlfn.STDEV.S(B34:B36) -> 0.82245567 | J34: =H34-$H$38 -> 1.0583333 | K34: =J34/$H$39 -> 1.7460574 | L34: =I34/$H$40 -> 0.77354863 | N34: =AVERAGE(C34:C36) -> 80.346667 | O34: =_xlfn.STDEV.S(C34:C36) -> 0.5064912 | P34: =N34-$N$38 -> 0.66708333 | Q34: =P34/$N$39 -> 0.6652533 | R34: =O34/$N$40 -> 0.33882326 | T34: =AVERAGE(D34:D36) -> 134.74333 | U34: =_xlfn.STDEV.S(D34:D36) -> 0.97736039 | V34: =T34-$T$38 -> -0.39958333 | W34: =V34/$T$39 -> -0.15044866 | X34: =U34/$T$40 -> 0.35562722 | Z34: =AVERAGE(E34:E36) -> 198.12333 | AA34: =_xlfn.STDEV.S(E34:E36) -> 2.4637844 | AB34: =Z34-$Z$38 -> 3.40625 | AC34: =AB34/$Z$39 -> 1.3126181 | AD34: =AA34/$Z$40 -> 0.93856125 | AF34: =AVERAGE(F34:F36) -> 296.62 | AG34: =_xlfn.STDEV.S(F34:F36) -> 1.6479078 | AH34: =AF34-$AF$38 -> 2.08875 | AI34: =AH34/$AF$39 -> 0.77271874 | AJ34: =AG34/$AF$40 -> 0.41539953
B35: 42.65 | C35: 80.8 | D35: 135.14 | E35: 195.99 | F35: 295.28
B36: 41.72 | C36: 79.8 | D36: 133.63 | E36: 200.82 | F36: 296.12
A38: Avg of Cell Avgs | H38: =AVERAGE(H6:H36) -> 41.518333 | N38: =AVERAGE(N6:N36) -> 79.679583 | T38: =AVERAGE(T6:T36) -> 135.14292 | Z38: =AVERAGE(Z6:Z36) -> 194.71708 | AF38: =AVERAGE(AF6:AF36) -> 294.53125
A39: Std Dev of Cell Avgs | H39: =_xlfn.STDEV.S(H6:H36) -> 0.60612744 | N39: =_xlfn.STDEV.S(N6:N36) -> 1.0027509 | T39: =_xlfn.STDEV.S(T6:T36) -> 2.6559448 | Z39: =_xlfn.STDEV.S(Z6:Z36) -> 2.5950046 | AF39: =_xlfn.STDEV.S(AF6:AF36) -> 2.7031181
A40: Repeatability Std Dev | H40: =SQRT(SUMSQ(I6:I36)/$A$34) -> 1.0632243 | N40: =SQRT(SUMSQ(O6:O36)/$A$34) -> 1.4948537 | T40: =SQRT(SUMSQ(U6:U36)/$A$34) -> 2.7482722 | Z40: =SQRT(SUMSQ(AA6:AA36)/$A$34) -> 2.6250651 | AF40: =SQRT(SUMSQ(AG6:AG36)/$A$34) -> 3.9670429
A41: Reproducibility Std Dev | H41: =H40 -> 1.0632243 | N41: =SQRT((N39^2)+(N40^2)*((3-1)/3)) -> 1.5796311 | T41: =SQRT((T39^2)+(T40^2)*((3-1)/3)) -> 3.476978 | Z41: =SQRT((Z39^2)+(Z40^2)*((3-1)/3)) -> 3.3657134 | AF41: =SQRT((AF39^2)+(AF40^2)*((3-1)/3)) -> 4.2188229

Sheet Intra Lab
A1: Valores da estatística k de consistência Intra Laboratorial
A3: Valores da estatística k de consistência Intra Laboratorial
A4: Laboratorio | B4: Material A | C4: Material B | D4: Material C | E4: Material D | F4: Material E | G4: Valor Crítico
A5: ='Interlab Calculations'!A6 -> 1 | B5: ='Interlab Calculations'!L6 -> 0.20974852 | C5: ='Interlab Calculations'!R6 -> 0.10584264 | D5: ='Interlab Calculations'!X6 -> 0.21502953 | E5: ='Interlab Calculations'!AD6 -> 0.022856576 | F5: ='Interlab Calculations'!AJ6 -> 0.18317398 | G5: 2.06
A6: ='Interlab Calculations'!A10 -> 2 | B6: ='Interlab Calculations'!L10 -> 0.45623236 | C6: ='Interlab Calculations'!R10 -> 0.88761257 | D6: ='Interlab Calculations'!X10 -> 0.78885167 | E6: ='Interlab Calculations'!AD10 -> 1.7837298 | F6: ='Interlab Calculations'!AJ10 -> 2.315807 | G6: 2.06
A7: ='Interlab Calculations'!A14 -> 3 | B7: ='Interlab Calculations'!L14 -> 0.99772138 | C7: ='Interlab Calculations'!R14 -> 0.55545318 | D7: ='Interlab Calculations'!X14 -> 0.62904457 | E7: ='Interlab Calculations'!AD14 -> 0.60691993 | F7: ='Interlab Calculations'!AJ14 -> 0.68315639 | G7: 2.06
A8: ='Interlab Calculations'!A18 -> 4 | B8: ='Interlab Calculations'!L18 -> 1.7040396 | C8: ='Interlab Calculations'!R18 -> 1.8465931 | D8: ='Interlab Calculations'!X18 -> 2.4087944 | E8: ='Interlab Calculations'!AD18 -> 0.73771577 | F8: ='Interlab Calculations'!AJ18 -> 0.22272819 | G8: 2.06
A9: ='Interlab Calculations'!A22 -> 5 | B9: ='Interlab Calculations'!L22 -> 0.34484871 | C9: ='Interlab Calculations'!R22 -> 0.51873663 | D9: ='Interlab Calculations'!X22 -> 0.43617279 | E9: ='Interlab Calculations'!AD22 -> 0.71717503 | F9: ='Interlab Calculations'!AJ22 -> 0.24057615 | G9: 2.06
A10: ='Interlab Calculations'!A26 -> 6 | B10: ='Interlab Calculations'!L26 -> 1.324386 | C10: ='Interlab Calculations'!R26 -> 1.0948175 | D10: ='Interlab Calculations'!X26 -> 0.46830332 | E10: ='Interlab Calculations'!AD26 -> 0.62840961 | F10: ='Interlab Calculations'!AJ26 -> 1.0784268 | G10: 2.06
A11: ='Interlab Calculations'!A30 -> 7 | B11: ='Interlab Calculations'!L30 -> 1.1736107 | C11: ='Interlab Calculations'!R30 -> 1.3784022 | D11: ='Interlab Calculations'!X30 -> 0.7729569 | E11: ='Interlab Calculations'!AD30 -> 1.4543292 | F11: ='Interlab Calculations'!AJ30 -> 0.83290862 | G11: 2.06
A12: ='Interlab Calculations'!A34 -> 8 | B12: ='Interlab Calculations'!L34 -> 0.77354863 | C12: ='Interlab Calculations'!R34 -> 0.33882326 | D12: ='Interlab Calculations'!X34 -> 0.35562722 | E12: ='Interlab Calculations'!AD34 -> 0.93856125 | F12: ='Interlab Calculations'!AJ34 -> 0.41539953 | G12: 2.06

Sheet Inter Lab 
A1: Valores da estatística h de consistência Inter Laboratorial
A3: Valores da estatística h de consistência Inter Laboratorial
A4: Laboratório | B4: Material A | C4: Material B | D4: Material C | E4: Material D | F4: Material E | G4: Valor Crítico Positivo | H4: Valor Crítico Negativo
A5: ='Interlab Calculations'!A6 -> 1 | B5: ='Interlab Calculations'!K6 -> -0.38770724 | C5: ='Interlab Calculations'!Q6 -> -1.3591777 | D5: ='Interlab Calculations'!W6 -> -0.73279009 | E5: ='Interlab Calculations'!AC6 -> -0.41120672 | F5: ='Interlab Calculations'!AI6 -> -0.47275651 | G5: 2.15 | H5: -2.15
A6: ='Interlab Calculations'!A10 -> 2 | B6: ='Interlab Calculations'!K10 -> -0.12923575 | C6: ='Interlab Calculations'!Q10 -> -0.44502579 | D6: ='Interlab Calculations'!W10 -> 0.099305529 | E6: ='Interlab Calculations'!AC10 -> 0.15012818 | F6: ='Interlab Calculations'!AI10 -> 1.6223548 | G6: 2.15 | H6: -2.15
A7: ='Interlab Calculations'!A14 -> 3 | B7: ='Interlab Calculations'!K14 -> -0.11273757 | C7: ='Interlab Calculations'!Q14 -> 0.22313618 | D7: ='Interlab Calculations'!W14 -> -0.20818078 | E7: ='Interlab Calculations'!AC14 -> -1.0123617 | F7: ='Interlab Calculations'!AI14 -> -0.68855667 | G7: 2.15 | H7: -2.15
A8: ='Interlab Calculations'!A18 -> 4 | B8: ='Interlab Calculations'!K18 -> -0.10173878 | C8: ='Interlab Calculations'!Q18 -> 1.8486645 | D8: ='Interlab Calculations'!W18 -> 2.1412657 | E8: ='Interlab Calculations'!AC18 -> 0.96194434 | F8: ='Interlab Calculations'!AI18 -> 0.47676422 | G8: 2.15 | H8: -2.15
A9: ='Interlab Calculations'!A22 -> 5 | B9: ='Interlab Calculations'!K22 -> -0.090739993 | C9: ='Interlab Calculations'!Q22 -> -0.98686858 | D9: ='Interlab Calculations'!W22 -> -0.70643412 | E9: ='Interlab Calculations'!AC22 -> -0.64242018 | F9: ='Interlab Calculations'!AI22 -> -0.35807413 | G9: 2.15 | H9: -2.15
A10: ='Interlab Calculations'!A26 -> 6 | B10: ='Interlab Calculations'!K26 -> 0.82765873 | C10: ='Interlab Calculations'!Q26 -> 0.21316361 | D10: ='Interlab Calculations'!W26 -> 0.55488729 | E10: ='Interlab Calculations'!AC26 -> 0.97350501 | F10: ='Interlab Calculations'!AI26 -> 0.2732955 | G10: 2.15 | H10: -2.15
A11: ='Interlab Calculations'!A30 -> 7 | B11: ='Interlab Calculations'!K30 -> -1.7515568 | C11: ='Interlab Calculations'!Q30 -> -0.15914554 | D11: ='Interlab Calculations'!W30 -> -0.99760483 | E11: ='Interlab Calculations'!AC30 -> -1.332207 | F11: ='Interlab Calculations'!AI30 -> -1.625746 | G11: 2.15 | H11: -2.15
A12: ='Interlab Calculations'!A34 -> 8 | B12: ='Interlab Calculations'!K34 -> 1.7460574 | C12: ='Interlab Calculations'!Q34 -> 0.6652533 | D12: ='Interlab Calculations'!W34 -> -0.15044866 | E12: ='Interlab Calculations'!AC34 -> 1.3126181 | F12: ='Interlab Calculations'!AI34 -> 0.77271874 | G12: 2.15 | H12: -2.15

Sheet Declaração de Precisão
A1: Desvios-padrão vs. Médias por material
B3: Material | C3: Média | D3: Desvio-padrão | E3: Repetibilidade | F3: Reproducibilidade | G3: Limite de 95% de Confiança para Repetibilidade | H3: Limite de 95% de Confiança para Reprodutibilidade
B4: A | C4: ='Interlab Calculations'!H38 -> 41.518333 | D4: ='Interlab Calculations'!H39 -> 0.60612744 | E4: ='Interlab Calculations'!H40 -> 1.0632243 | F4: ='Interlab Calculations'!H41 -> 1.0632243 | G4: =2.8*E4 -> 2.9770279 | H4: =2.8*F4 -> 2.9770279
B5: B | C5: ='Interlab Calculations'!N38 -> 79.679583 | D5: ='Interlab Calculations'!N39 -> 1.0027509 | E5: ='Interlab Calculations'!N40 -> 1.4948537 | F5: ='Interlab Calculations'!N41 -> 1.5796311 | G5: =2.8*E5 -> 4.1855903 | H5: =2.8*F5 -> 4.422967
B6: C | C6: ='Interlab Calculations'!T38 -> 135.14292 | D6: ='Interlab Calculations'!T39 -> 2.6559448 | E6: ='Interlab Calculations'!T40 -> 2.7482722 | F6: ='Interlab Calculations'!T41 -> 3.476978 | G6: =2.8*E6 -> 7.6951621 | H6: =2.8*F6 -> 9.7355384
B7: D | C7: ='Interlab Calculations'!Z38 -> 194.71708 | D7: ='Interlab Calculations'!Z39 -> 2.5950046 | E7: ='Interlab Calculations'!Z40 -> 2.6250651 | F7: ='Interlab Calculations'!Z41 -> 3.3657134 | G7: =2.8*E7 -> 7.3501822 | H7: =2.8*F7 -> 9.4239976
B8: E | C8: ='Interlab Calculations'!AF38 -> 294.53125 | D8: ='Interlab Calculations'!AF39 -> 2.7031181 | E8: ='Interlab Calculations'!AF40 -> 3.9670429 | F8: ='Interlab Calculations'!AF41 -> 4.2188229 | G8: =2.8*E8 -> 11.10772 | H8: =2.8*F8 -> 11.812704
